,date,tweet,topic,sentiment
0,2018-12-31,blackgoo celtics generalelectric stupid,1.0,"[1.3193170799600313, 1.2524348507063916, -0.028528301191348637]"
1,2018-12-31,amber laurel diegomez meade thomas oubarstool and bowl y’all in? the general electric refrigerator bowl?,1.0,"[1.3193170799600313, 1.2524348507063916, -0.028528301191348637]"
2,2018-12-31,will general electric’s ge big move the healthcare dept. be benefit investors?,1.0,"[1.3193170799600313, 1.2524348507063916, -0.028528301191348637]"
3,2018-12-31,"first day general electric. they call schenectady works ‘house magic’. they make every sort gadget here. they even make rain. , age",1.0,"[1.3193170799600313, 1.2524348507063916, -0.028528301191348637]"
4,2018-12-31,"in annals generalelectric storied year history, go as year almost everyone ties the company would like forget, writes brooke sutherland.",1.0,"[1.3193170799600313, 1.2524348507063916, -0.028528301191348637]"
5,2018-12-31,"mrheerenmath generalelectric hi mr heeren. thanks questions. our website working this time. if continue difficulty ordering part, may want call the parts office . i not able determine an appliance needs repair via tweet. thanks, rf",1.0,"[1.3193170799600313, 1.2524348507063916, -0.028528301191348637]"
6,2018-12-31,"aren evans celtics generalelectric exactly, with terry",1.0,"[1.3193170799600313, 1.2524348507063916, -0.028528301191348637]"
7,2018-12-31,"nicholsuprising vp sethabramson boeing, is tighter ever general electric plumber latter which be getting huge contracts will keep indiana using russian aluminum.",1.0,"[1.3193170799600313, 1.2524348507063916, -0.028528301191348637]"
8,2018-12-31,"nicholsuprising /x all sudden lot things make sense. in mike pence vp a groundbreaking indiana a general electric plant i pretty certain be using a lot rusal aluminum. this april past, boeing ge made another big deal.",1.0,"[1.3193170799600313, 1.2524348507063916, -0.028528301191348637]"
9,2018-12-31,"come the great neon illustration, stay riveting tick tock how generalelectric, one america largest &amp; innovative companies, became a shadow itself the last two decades",1.0,"[1.3193170799600313, 1.2524348507063916, -0.028528301191348637]"
10,2019-01-01,"and rephrase old general electric, roald reagan slogan the s. profit is our most important product",4.0,"[1.3918019614389057, 1.2764615193029236, -0.07541166123018857]"
11,2019-01-01,"generalelectric bought stackable washer dryer two years ago. dryer needed new motor, now washer needs new control board, keep the great work",4.0,"[1.3918019614389057, 1.2764615193029236, -0.07541166123018857]"
12,2019-01-01,otccoder generalelectric that’s strange...,4.0,"[1.3918019614389057, 1.2764615193029236, -0.07541166123018857]"
13,2019-01-01,"lead fp&amp;a analyst general electric calgary, ab",4.0,"[1.3918019614389057, 1.2764615193029236, -0.07541166123018857]"
14,2019-01-01,"check lot of ge vintage swirl christmas bulbs lights c ceramic coated, made in the usa. generalelectric via ebay christmasbulbs swirl multicolor vintage c outdoor bulbs christmas holidays ceramic forsale ebay oldcrowstreasures",4.0,"[1.3918019614389057, 1.2764615193029236, -0.07541166123018857]"
15,2019-01-01,"i painted ""wise steven spielberg"" reading generalelectric latest tweets entertaining netflix red, media savvy britney blonde yellow wise sage brown",4.0,"[1.3918019614389057, 1.2764615193029236, -0.07541166123018857]"
16,2019-01-01,cia watching. it neither confirm deny generalelectric detail oriented engaging tweets remind of samuel pepys,4.0,"[1.3918019614389057, 1.2764615193029236, -0.07541166123018857]"
17,2019-01-01,general electric new ceo larry culp turns page a horrible the folly the ever upward stock price graph bites and history repeats,4.0,"[1.3918019614389057, 1.2764615193029236, -0.07541166123018857]"
18,2019-01-01,general electric expect a big,4.0,"[1.3918019614389057, 1.2764615193029236, -0.07541166123018857]"
19,2019-01-01,general electric xg current transformer used,4.0,"[1.3918019614389057, 1.2764615193029236, -0.07541166123018857]"
20,2019-01-02,celtics generalelectric all star,9.0,"[0.9028068013449815, 0.9110000453951654, -0.16465795162945585]"
21,2019-01-02,"warehouseman drilling services mount pearl, nl general electric mount pearl, nl",9.0,"[0.9028068013449815, 0.9110000453951654, -0.16465795162945585]"
22,2019-01-02,general electric enters new year a monster rally ge business insider via googlenews,9.0,"[0.9028068013449815, 0.9110000453951654, -0.16465795162945585]"
23,2019-01-02,generalelectric cyclists could’ve told decades ago carbon lighter more efficient,9.0,"[0.9028068013449815, 0.9110000453951654, -0.16465795162945585]"
24,2019-01-02,"generalelectric yeah, except they make trails cover sky, dim sun, eventually kill plants crops.",9.0,"[0.9028068013449815, 0.9110000453951654, -0.16465795162945585]"
25,2019-01-02,generalelectric what i see this?,9.0,"[0.9028068013449815, 0.9110000453951654, -0.16465795162945585]"
26,2019-01-02,why general electric stock popped today themotleyfool stocks ge,9.0,"[0.9028068013449815, 0.9110000453951654, -0.16465795162945585]"
27,2019-01-02,why general electric stock popped today »,9.0,"[0.9028068013449815, 0.9110000453951654, -0.16465795162945585]"
28,2019-01-02,"rt generalelectric ""that’s than one giant leap womankind. diana trujillo the first immigrant, hispanic woman the nasa academy &amp; , helped send curiosity mars. we’re proud support women stem, like diana, help bala… """,9.0,"[0.9028068013449815, 0.9110000453951654, -0.16465795162945585]"
29,2019-01-02,celtics generalelectric he doing great job stepping,9.0,"[0.9028068013449815, 0.9110000453951654, -0.16465795162945585]"
30,2019-01-03,lot of general electric sah used,23.0,"[1.2853966314939158, 0.9453510991572511, -0.005960144882332374]"
31,2019-01-03,general electric d dc amplifier board new no box,23.0,"[1.2853966314939158, 0.9453510991572511, -0.005960144882332374]"
32,2019-01-03,apple aapl suffering worst day years shedding billion market value is equivalent a ge generalelectric qcom qualcomm but apple t succeed china can ?? covered specialreport edhenry,23.0,"[1.2853966314939158, 0.9453510991572511, -0.005960144882332374]"
33,2019-01-03,"the netzeroenergybuildings market size valued usd , million with forecast grow a cagr . to . energypower siemensuknews generalelectric polarismarketresearch read more",23.0,"[1.2853966314939158, 0.9453510991572511, -0.005960144882332374]"
34,2019-01-03,coppedge jessicazeaske personalcapital venturevalkyrie generalelectric i think current athenahealth chairman might shoulder of blame...,23.0,"[1.2853966314939158, 0.9453510991572511, -0.005960144882332374]"
35,2019-01-03,general electric ge gains as market dips what you should know,23.0,"[1.2853966314939158, 0.9453510991572511, -0.005960144882332374]"
36,2019-01-03,boltyboy jessicazeaske personalcapital venturevalkyrie the buck to stop somewhere generalelectric,23.0,"[1.2853966314939158, 0.9453510991572511, -0.005960144882332374]"
37,2019-01-03,general electric ge gained . today “she’s ” all did change schedule “ hours” weeks lol,23.0,"[1.2853966314939158, 0.9453510991572511, -0.005960144882332374]"
38,2019-01-03,"great panel today careers that make an impact event. big thanks generalelectric, rushmedical, civiltecheng, futurefounders, northerntrust, auslchicago, fifieldco, fpdcc, cibc, &amp; those came to talk their career paths scholars.",23.0,"[1.2853966314939158, 0.9453510991572511, -0.005960144882332374]"
39,2019-01-03,[job] research engineer electrical systems engineering | company general electric | location bengaluru ka karnataka india | bengaluru electronic engineering jobs | more info,23.0,"[1.2853966314939158, 0.9453510991572511, -0.005960144882332374]"
40,2019-01-04,general electric tj transformer new no box,25.0,"[1.1797439875757445, 0.9280112026042872, -0.19473654001985669]"
41,2019-01-04,co generalelectric launches color smart bulbs work directly google home via verge ge smarthome google led wifi technology wireless tech googlehome,25.0,"[1.1797439875757445, 0.9280112026042872, -0.19473654001985669]"
42,2019-01-04,general electric abhvnnstbnw / vac w / hz new in box,25.0,"[1.1797439875757445, 0.9280112026042872, -0.19473654001985669]"
43,2019-01-04,general electric thought was impregnable machine. inside decline an american icon via wsj ottcp,25.0,"[1.1797439875757445, 0.9280112026042872, -0.19473654001985669]"
44,2019-01-04,a vintage crock cooker general electric. made japan. crockcooker followvintage,25.0,"[1.1797439875757445, 0.9280112026042872, -0.19473654001985669]"
45,2019-01-04,celtics generalelectric celtics win pts gordon hayward pts rebs assists,25.0,"[1.1797439875757445, 0.9280112026042872, -0.19473654001985669]"
46,2019-01-04,celtics generalelectric nice stats ylc jlc cjpmyc canadianpm justintrudeau liberal party parti liberal businessinsider harvard dukeu,25.0,"[1.1797439875757445, 0.9280112026042872, -0.19473654001985669]"
47,2019-01-04,this new york hedgefund ambushed general electric takeover deal. it t turn so well &gt; via bopinion ge,25.0,"[1.1797439875757445, 0.9280112026042872, -0.19473654001985669]"
48,2019-01-04,ge general electric company sec filing form,25.0,"[1.1797439875757445, 0.9280112026042872, -0.19473654001985669]"
49,2019-01-04,celtics generalelectric where’s mook,25.0,"[1.1797439875757445, 0.9280112026042872, -0.19473654001985669]"
50,2019-01-05,make than general electric,32.0,"[1.8979901154894292, 1.4467048872262065, -0.10456799475500023]"
51,2019-01-05,"about pitty party hoping would a better year far replace sons transmission his car, fridge going out, microwave door broke, dryer senses flow issue gotta hurry house burns down. maybe next month begin better year lgus generalelectric",32.0,"[1.8979901154894292, 1.4467048872262065, -0.10456799475500023]"
52,2019-01-05,"new general electric ge, sbrg, amp, volt, wire bus plug, spectra,",32.0,"[1.8979901154894292, 1.4467048872262065, -0.10456799475500023]"
53,2019-01-05,brokerages anticipate general electric ge will announce quarterly sales . billion markets,32.0,"[1.8979901154894292, 1.4467048872262065, -0.10456799475500023]"
54,2019-01-05,general electric ge expected announce quarterly sales . billion,32.0,"[1.8979901154894292, 1.4467048872262065, -0.10456799475500023]"
55,2019-01-05,"pkellar catmartini than general electric, captain morgan, colonel sanders general motors....",32.0,"[1.8979901154894292, 1.4467048872262065, -0.10456799475500023]"
56,2019-01-05,"general electric ge, . this quarter top loser, falling",32.0,"[1.8979901154894292, 1.4467048872262065, -0.10456799475500023]"
57,2019-01-05,general electric thought was impregnable machine. so was hard nosed cfo fighting back tears? inside decline an american icon. via wsj,32.0,"[1.8979901154894292, 1.4467048872262065, -0.10456799475500023]"
58,2019-01-05,"taiwan military cruisemissile taiwan government reportedly reverse engineering old u.s. made jet engines general electric j engine use developing new cruise missiles. the missile likely be extremely fast, possibly even supersonic.",32.0,"[1.8979901154894292, 1.4467048872262065, -0.10456799475500023]"
59,2019-01-05,see latest az customerservice job opportunity click link our bio apply field service engineer general electric fieldservice,32.0,"[1.8979901154894292, 1.4467048872262065, -0.10456799475500023]"
60,2019-01-06,"new episode of the learningleader show bethcomstock former generalelectric vice chair ""you don need permission""",43.0,"[1.117813787349807, 1.1862227012016981, 0.0007324880519369859]"
61,2019-01-06,general electric | ge ge h scale long short general electric wcx,43.0,"[1.117813787349807, 1.1862227012016981, 0.0007324880519369859]"
62,2019-01-06,"general electric | ge ge, chang close long short general electric wcx",43.0,"[1.117813787349807, 1.1862227012016981, 0.0007324880519369859]"
63,2019-01-06,"i don’t know i ever want be part it. the general electric, x it scares shit of",43.0,"[1.117813787349807, 1.1862227012016981, 0.0007324880519369859]"
64,2019-01-06,"generalelectric company ge coming back, rising a solid bottom.",43.0,"[1.117813787349807, 1.1862227012016981, 0.0007324880519369859]"
65,2019-01-06,"generalelectric company ge coming back, rising a solid bottom.",43.0,"[1.117813787349807, 1.1862227012016981, 0.0007324880519369859]"
66,2019-01-06,"die thanks, generalelectric. i never buy shitty washing machines again.",43.0,"[1.117813787349807, 1.1862227012016981, 0.0007324880519369859]"
67,2019-01-06,matched pair general electric dc locomotives csx freight via youtube,43.0,"[1.117813787349807, 1.1862227012016981, 0.0007324880519369859]"
68,2019-01-06,"“the biggest electric company germany owned financed the general electric company new york.” ― david talbot, the devil chessboard allen dulles the rise america secret government",43.0,"[1.117813787349807, 1.1862227012016981, 0.0007324880519369859]"
69,2019-01-06,autochartist ge bigmovement bearish general electric co. experienced . bullish movement the last days.,43.0,"[1.117813787349807, 1.1862227012016981, 0.0007324880519369859]"
70,2019-01-07,"‘schenectady, ny, feb. – general electric engineers developed stupefying new electrical device will make second coming christ matter mere academic interest was announced today... etc.’ cynical, cynical little hack. / , age",52.0,"[1.0593606787469192, 0.7540681022453726, -0.2451474475337478]"
71,2019-01-07,writing publicity general electric really a terrible job. observe /,52.0,"[1.0593606787469192, 0.7540681022453726, -0.2451474475337478]"
72,2019-01-07,"dear maytagbrand whirlpoolusa kenmore lgus generalelectric samsungus frigidaire &amp; other appliance manufacturers... we really love if could make household items durable dependable; trying make ""smart"". thank you.... ces",52.0,"[1.0593606787469192, 0.7540681022453726, -0.2451474475337478]"
73,2019-01-07,[job] application consultant – high acuity care software solutions | company general electric | location warszawa mz poland | warszawa computer engineering jobs | more info,52.0,"[1.0593606787469192, 0.7540681022453726, -0.2451474475337478]"
74,2019-01-07,"scotieb generalelectric hi scott. i sorry has happened the oven. what office you call? thanks, rf",52.0,"[1.0593606787469192, 0.7540681022453726, -0.2451474475337478]"
75,2019-01-07,slendersherbet fvtimebandit got love solar power. eskimo kisses around igloo. generalelectric cadburyuk,52.0,"[1.0593606787469192, 0.7540681022453726, -0.2451474475337478]"
76,2019-01-07,on general electric peterborough workers’ fight compensation ‘an uphill battle’ the examiner,52.0,"[1.0593606787469192, 0.7540681022453726, -0.2451474475337478]"
77,2019-01-07,general electric company ipr decided &gt;,52.0,"[1.0593606787469192, 0.7540681022453726, -0.2451474475337478]"
78,2019-01-07,general electric company ipr decided &gt;,52.0,"[1.0593606787469192, 0.7540681022453726, -0.2451474475337478]"
79,2019-01-07,general electric company ipr decided &gt;,52.0,"[1.0593606787469192, 0.7540681022453726, -0.2451474475337478]"
80,2019-01-08,stephen ahomeelectrons cosmonautica deepneuron bluebookbelieve fbi hq afmc usairforce randcorporation raytheon generalelectric lol element mixed pure consciousness.,55.0,"[1.4957558387212655, 1.3687520393340975, -0.28691315265803324]"
81,2019-01-08,this customerservice job might a great fit you. click link our bio see and more. lcs clinical education specialist anesthesia/ventilation general electric,55.0,"[1.4957558387212655, 1.3687520393340975, -0.28691315265803324]"
82,2019-01-08,general electric hcghagnk adjustable speed drive factory sealed,55.0,"[1.4957558387212655, 1.3687520393340975, -0.28691315265803324]"
83,2019-01-08,"msfoxifurnasty prufrockluvsong brother i bet d lot hp d&amp;d how strong his inkjet attack? does fujitsu skills? do octopi have general electric spells? if so, i bet ll leave a lexmark",55.0,"[1.4957558387212655, 1.3687520393340975, -0.28691315265803324]"
84,2019-01-08,general electric tjkt circuit breaker trip unit new in box,55.0,"[1.4957558387212655, 1.3687520393340975, -0.28691315265803324]"
85,2019-01-08,wsj generalelectric the executives &amp; board should all be investigated by the sec &amp; held accountable secnetwork,55.0,"[1.4957558387212655, 1.3687520393340975, -0.28691315265803324]"
86,2019-01-08,"kikplenty ahomeelectrons cosmonautica deepneuron bluebookbelieve fbi hq afmc usairforce randcorporation raytheon generalelectric he great kik, guy could talk forever, t know gets energy? maybe he s juicing bit element",55.0,"[1.4957558387212655, 1.3687520393340975, -0.28691315265803324]"
87,2019-01-08,"hybrid solar wind energy storage market future growth market insights leading key players like regen powertech, general electric, siemens gamesa renewable energy, vestas, vattenfall ab, goldwind, suzlon energy limited, alpha windmills, blue…",55.0,"[1.4957558387212655, 1.3687520393340975, -0.28691315265803324]"
88,2019-01-08,"hybrid solar wind energy storage market future growth market insights leading key players like regen powertech, general electric, siemens gamesa renewable energy, vestas, vattenfall ab, goldwind, suzlon energy limited, alpha windmills, blue…",55.0,"[1.4957558387212655, 1.3687520393340975, -0.28691315265803324]"
89,2019-01-08,general electric thought was impregnable machine. so was hard nosed cfo fighting back tears? inside decline an american icon. via wsj,55.0,"[1.4957558387212655, 1.3687520393340975, -0.28691315265803324]"
90,2019-01-09,ge general electric a detailed cash flow analysis,70.0,"[1.3985404987424603, 1.5064050424782311, -0.08512716461425465]"
91,2019-01-09,dbongino they tried past what ve turned an electronic border general electric a contractor put in ground sensors cameras a lot times were technical difficulty impeded surveillance the entire multimillion dollar system.,70.0,"[1.3985404987424603, 1.5064050424782311, -0.08512716461425465]"
92,2019-01-09,"fixedwithyou maytagbrand generalelectric samsung thank for feedback, michael. your comments important us our product design division takes account suggestions as yours. we pass along laundry product team. all the best, rf",70.0,"[1.3985404987424603, 1.5064050424782311, -0.08512716461425465]"
93,2019-01-09,"lead sales specialist rod lift brooks, ab general electric brooks, ab",70.0,"[1.3985404987424603, 1.5064050424782311, -0.08512716461425465]"
94,2019-01-09,odem ode general electric’s geniuslink partner blockchain certification expert operating system btc ada bch eos eth ltc trx xrp,70.0,"[1.3985404987424603, 1.5064050424782311, -0.08512716461425465]"
95,2019-01-09,generalelectric what unit measurement an mm?.,70.0,"[1.3985404987424603, 1.5064050424782311, -0.08512716461425465]"
96,2019-01-09,"maytagbrand generalelectric samsung hey, one guys invent washer/dryer combo washer on top, when clothes done washing, just drop into the dryer? you can also take our clothes manually u want",70.0,"[1.3985404987424603, 1.5064050424782311, -0.08512716461425465]"
97,2019-01-09,vintage generalelectric annual report slides . lovingly hand crafted.,70.0,"[1.3985404987424603, 1.5064050424782311, -0.08512716461425465]"
98,2019-01-09,odem ode general electric’s geniuslink partner blockchain certification expert operating system bitcoin exchange guide,70.0,"[1.3985404987424603, 1.5064050424782311, -0.08512716461425465]"
99,2019-01-09,ge general electric will be a penny stock in,70.0,"[1.3985404987424603, 1.5064050424782311, -0.08512716461425465]"
100,2019-01-10,"lead materials handler inventory specialist pipeline process services calgary, alberta general electric calgary, ab",76.0,"[1.940057048567586, 1.6260441255000024, -0.249944777112666]"
101,2019-01-10,"exclusive generalelectric taps new developer rare, large industrial site oakland, barreirabeat reports",76.0,"[1.940057048567586, 1.6260441255000024, -0.249944777112666]"
102,2019-01-10,generalelectric do i do? you guys put wrong size bulbs two boxes i purchased? ge lightbulbs whathappened wrongbox,76.0,"[1.940057048567586, 1.6260441255000024, -0.249944777112666]"
103,2019-01-10,a day back forth trading thursday ended the fifth gain a row u.s. stocks. industrial companies like boeing general electric rose retailers fell macy suffered biggest loss all time.,76.0,"[1.940057048567586, 1.6260441255000024, -0.249944777112666]"
104,2019-01-10,trade industrials lead us stocks higher again; macy nosedives new york ap — a day back forth trading thursday ended the fifth gain a row u.s. stocks. industrial companies like boeing general electric rose retailers fell macy suffered i…,76.0,"[1.940057048567586, 1.6260441255000024, -0.249944777112666]"
105,2019-01-10,"general electric taps new developer rare, large industrial site oakland san francisco business times",76.0,"[1.940057048567586, 1.6260441255000024, -0.249944777112666]"
106,2019-01-10,general electric co valuation november ge valueinvesting investing stocks stockmarket,76.0,"[1.940057048567586, 1.6260441255000024, -0.249944777112666]"
107,2019-01-10,"exclusive general electric taps new developer rare, large industrial site oakland",76.0,"[1.940057048567586, 1.6260441255000024, -0.249944777112666]"
108,2019-01-10,"exclusive general electric taps new developer rare, large industrial site oakland",76.0,"[1.940057048567586, 1.6260441255000024, -0.249944777112666]"
109,2019-01-10,"exclusive general electric taps new developer rare, large industrial site oakland",76.0,"[1.940057048567586, 1.6260441255000024, -0.249944777112666]"
110,2019-01-11,general electric seeks the great american grandma.,84.0,"[2.168433373432797, 2.390666396430283, 0.014120905166587438]"
111,2019-01-11,product sales specialist general electric henan job number additional cities zhengzhou career level experienced business ge healthcare business segment healthcare china function sales postal code role summary/purpose a product sales…,84.0,"[2.168433373432797, 2.390666396430283, 0.014120905166587438]"
112,2019-01-11,transition controller egm | general electric ge,84.0,"[2.168433373432797, 2.390666396430283, 0.014120905166587438]"
113,2019-01-11,"ge unit wins million u.s. defense contract pentagon | the logo general electric co. pictured the global operations center san pedro garza garcia, neighbouring monterrey,... |",84.0,"[2.168433373432797, 2.390666396430283, 0.014120905166587438]"
114,2019-01-11,"ge unit wins million u.s. defense contract pentagon | the logo general electric co. pictured the global operations center san pedro garza garcia, neighbouring monterrey,... |",84.0,"[2.168433373432797, 2.390666396430283, 0.014120905166587438]"
115,2019-01-11,new post ge unit wins million u.s. defense contract pentagon by reuters been published reuters. logo general electric co. pictured the global operations center san pedro garza garcia ...,84.0,"[2.168433373432797, 2.390666396430283, 0.014120905166587438]"
116,2019-01-11,transition controller egm | general electric ge,84.0,"[2.168433373432797, 2.390666396430283, 0.014120905166587438]"
117,2019-01-11,[job] wind turbines design engineer–nacelle cover composite m/f | company general electric | location salzbergen ni germany | salzbergen energy engineering jobs | more info,84.0,"[2.168433373432797, 2.390666396430283, 0.014120905166587438]"
118,2019-01-11,lady gaga probably took page michael stipe’s book he talked shit general electric its policies playing nbc’s ‘saturday night live’ station owned ge the time. not but multiple times. not heroes lose religion,84.0,"[2.168433373432797, 2.390666396430283, 0.014120905166587438]"
119,2019-01-11,"buffettsongs “though lights st thomas lie twenty miles west, i know general electric always doin best “",84.0,"[2.168433373432797, 2.390666396430283, 0.014120905166587438]"
120,2019-01-12,diynetwork streaming commercial line with generalelectric commercials back back every commercial break torture i officially a ge appliance phobia.,89.0,"[1.5361643319535236, 1.7250126587086279, -0.037664892527123774]"
121,2019-01-12,"newshour whitehouse thejusticedept gop dnc imo ru scandal successfully distracted us neocon deep state ""shorts steals"" utc apple generalelectric spacex tesla arconic intel &amp; pepsi sell gmo meds us youth. most usa clueless treason &amp; sedition intent, sad",89.0,"[1.5361643319535236, 1.7250126587086279, -0.037664892527123774]"
122,2019-01-12,onlyseegreen celtics generalelectric damn sound vexed.,89.0,"[1.5361643319535236, 1.7250126587086279, -0.037664892527123774]"
123,2019-01-12,celtics generalelectric what al hirford stats?,89.0,"[1.5361643319535236, 1.7250126587086279, -0.037664892527123774]"
124,2019-01-12,looking tatum’s stats saturday games tonight gameday analytics presented generalelectric.,89.0,"[1.5361643319535236, 1.7250126587086279, -0.037664892527123774]"
125,2019-01-12,"[job] manufacturing engineer engine component repair, ge aviation | company general electric | location singapore s singapore | singapore manufacturing engineering jobs | more info",89.0,"[1.5361643319535236, 1.7250126587086279, -0.037664892527123774]"
126,2019-01-12,"[job] manufacturing engineer cnc, ge aviation | company general electric | location singapore s singapore | singapore manufacturing engineering jobs | more info",89.0,"[1.5361643319535236, 1.7250126587086279, -0.037664892527123774]"
127,2019-01-12,"[job] additive manufacturing engineer, ge aviation | company general electric | location singapore s singapore | singapore manufacturing engineering jobs | more info",89.0,"[1.5361643319535236, 1.7250126587086279, -0.037664892527123774]"
128,2019-01-12,tomfitton realdonaldtrump reddit judicialwatch whitehouse gop dnc thejusticedept thanks imo every large dc agency are always small organized groups neocon deep state plotting steal us assets &amp; need distractions &amp; is while steal intel utc apple generalelectric spacex tesla pepsi,89.0,"[1.5361643319535236, 1.7250126587086279, -0.037664892527123774]"
129,2019-01-12,ad general electric ge. vintageads portableradio vintage reminisce memories memoirs,89.0,"[1.5361643319535236, 1.7250126587086279, -0.037664892527123774]"
130,2019-01-13,[job] machinery diagnostic engineer reciprocating machines | company general electric | location capelle aan den ijssel zh netherlands | capelle aan den ijssel mining engineering jobs | more info,101.0,"[1.7105675340890922, 1.7001258887341515, 0.007581450356145669]"
131,2019-01-13,general electric ag stage auxiliary switch new no box,101.0,"[1.7105675340890922, 1.7001258887341515, 0.007581450356145669]"
132,2019-01-13,general electric tj transformer new in box,101.0,"[1.7105675340890922, 1.7001258887341515, 0.007581450356145669]"
133,2019-01-13,[job] data analyst maintenance predictive m/f | company general electric | location frankfurt am main he germany | frankfurt am main marine engineering jobs | more info,101.0,"[1.7105675340890922, 1.7001258887341515, 0.007581450356145669]"
134,2019-01-13,check vintage ge general electric model no v r portable record player ebay,101.0,"[1.7105675340890922, 1.7001258887341515, 0.007581450356145669]"
135,2019-01-13,"worth reading taking new methodology success beth comstock, former vice chair general electric, recommends devoting every workday these activities... leadership business socialmedia management inspiration digitaltransformation",101.0,"[1.7105675340890922, 1.7001258887341515, 0.007581450356145669]"
136,2019-01-13,autochartist ge bigmovement bearish general electric co. experienced . bullish movement the last days.,101.0,"[1.7105675340890922, 1.7001258887341515, 0.007581450356145669]"
137,2019-01-13,general electric is not going to be a penny stock seeking alpha via googlenews,101.0,"[1.7105675340890922, 1.7001258887341515, 0.007581450356145669]"
138,2019-01-13,general electric tie clip vintage tie bar golden anniversary alumni schenectady tieclip tiebar . ➤,101.0,"[1.7105675340890922, 1.7001258887341515, 0.007581450356145669]"
139,2019-01-13,"portland general electric power a co intensity lb per kwh data . considering avg dryer electricity demands, i’m preventing about lb carbon emissions saving money air drying load portlandgeneral",101.0,"[1.7105675340890922, 1.7001258887341515, 0.007581450356145669]"
140,2019-01-14,logistics provider wabtec wab general electric ge gets clear justice dept its review pending merger; expected close next two months logistics freight,108.0,"[1.866047986025136, 1.456026719146426, -0.03476038208996355]"
141,2019-01-14,recruitment for nysc interns general electric ge power a world leader power generation deep domain expertise helps customers deliver electricity a wide spectrum…,108.0,"[1.866047986025136, 1.456026719146426, -0.03476038208996355]"
142,2019-01-14,general electric crbpantdb magnetic starter combination new in box,108.0,"[1.866047986025136, 1.456026719146426, -0.03476038208996355]"
143,2019-01-14,celtics generalelectric if think it maybe brown rozier going start brad wants know pressure smart kyrie feels starting playing a high level let both know need to play harder a team they made excuse their sick injured,108.0,"[1.866047986025136, 1.456026719146426, -0.03476038208996355]"
144,2019-01-14,celtics generalelectric team still sucks,108.0,"[1.866047986025136, 1.456026719146426, -0.03476038208996355]"
145,2019-01-14,celtics generalelectric my man one the people this roster cares ️,108.0,"[1.866047986025136, 1.456026719146426, -0.03476038208996355]"
146,2019-01-14,less hours rest t matter marcus morris sr. performance one day rest tonight generalelectric gameday analytics.,108.0,"[1.866047986025136, 1.456026719146426, -0.03476038208996355]"
147,2019-01-14,horan capital management has cut its position general electric co ge market value declined; mitsubishi ufj trust &amp; banking has lifted its holding icici bank ltd adr ibn market value rose – the moveefy – icici bank,108.0,"[1.866047986025136, 1.456026719146426, -0.03476038208996355]"
148,2019-01-14,"for sale . cu.ft. chest freezer general electric ge , years old, . cubic feet, good condition. please call victoria or more information.",108.0,"[1.866047986025136, 1.456026719146426, -0.03476038208996355]"
149,2019-01-14,revise it slabs individual credainational indiabuilders indiaeximbank indiajapanforum tradegovukevent makeinindia smartcityfeed dsei event dmgeventsglobal worldbank ciieonline bankofamerica opecnews exxonmobil generalelectric rlglobal,108.0,"[1.866047986025136, 1.456026719146426, -0.03476038208996355]"
150,2019-01-15,general electric thought was impregnable machine. so was hard nosed cfo fighting back tears? inside decline an american icon. via wsj,113.0,"[1.7254039333687914, 1.5561856836287347, -0.22180317434598756]"
151,2019-01-15,[job] global unified communications operations engineer telepresence | company general electric | location budapest pe hungary | budapest broadcast engineering jobs | more info,113.0,"[1.7254039333687914, 1.5561856836287347, -0.22180317434598756]"
152,2019-01-15,"the stem learning the students incredible thanks boston celtics , generalelectric, fabfndn making happen, inspirational stories nba celtics legends danabarros al horford",113.0,"[1.7254039333687914, 1.5561856836287347, -0.22180317434598756]"
153,2019-01-15,️️️ nevecon general electric a domicilio ️️️ vendo con garantía directamente en su domicilio pago contra entrega llamenos ️⃣️⃣️⃣️⃣️⃣️⃣️⃣️⃣️⃣️⃣,113.0,"[1.7254039333687914, 1.5561856836287347, -0.22180317434598756]"
154,2019-01-15,"benmurraybruce mbuhari google officialpdpnig google made claims honourable lie .the afam iii fast power project being executed general electric, the firm signed memorandum understanding the federal government ... the st started",113.0,"[1.7254039333687914, 1.5561856836287347, -0.22180317434598756]"
155,2019-01-15,proud play small part the process dramatically expanded generalelectric’s disclosure political spending. a trend setting step the industry corpgov darkmoney esg,113.0,"[1.7254039333687914, 1.5561856836287347, -0.22180317434598756]"
156,2019-01-15,uklabour u t win general electric ur party pro eu as tories. leave means leave.,113.0,"[1.7254039333687914, 1.5561856836287347, -0.22180317434598756]"
157,2019-01-15,homeenergymanagement energy management system ems market abb cisco siemens ag general electric company ...,113.0,"[1.7254039333687914, 1.5561856836287347, -0.22180317434598756]"
158,2019-01-15,"i liked youtube video general electric theater se the joke on me bud abbot, lee marvin",113.0,"[1.7254039333687914, 1.5561856836287347, -0.22180317434598756]"
159,2019-01-15,buffettsongs “though lights st thomas lie twenty miles west..i know general electric always doin best”,113.0,"[1.7254039333687914, 1.5561856836287347, -0.22180317434598756]"
160,2019-01-16,check vtg general electric pink musaphonic am tube radio works model t a generalelectric via ebay,123.0,"[0.40317690535137257, 0.4418071644507383, 0.044837884809803906]"
161,2019-01-16,kylekirms shepkevin celtics generalelectric yup t wait,128.0,"[0.36628172367785544, 0.31953027210033663, -0.06588135746495576]"
162,2019-01-16,kye k shepkevin celtics generalelectric gonna an awesome game. wednesday night espn games always legit.,123.0,"[0.40317690535137257, 0.4418071644507383, 0.044837884809803906]"
163,2019-01-16,kylekirms shepkevin celtics generalelectric kawhi finna drop shut kyrie he an offensive defensive beast mostly defense though,131.0,"[2.1468720862423103, 2.123115951599133, -0.12136638540874663]"
164,2019-01-16,kye k shepkevin celtics generalelectric celtics double digits,128.0,"[0.36628172367785544, 0.31953027210033663, -0.06588135746495576]"
165,2019-01-16,shepkevin celtics generalelectric we see tonight wethenorth,127.0,"[0.03380529860424808, 0.028678198986221665, -0.03336413884404352]"
166,2019-01-16,great jack welch business quotes / jackwelch ge generalelectric quote quotes competition winning ceo compete entrepreneurs success wednesdaywisdom,123.0,"[0.40317690535137257, 0.4418071644507383, 0.044837884809803906]"
167,2019-01-16,check vintage walnut clock general electric telechrom wood block style works great ge via ebay,128.0,"[0.36628172367785544, 0.31953027210033663, -0.06588135746495576]"
168,2019-01-16,celtics generalelectric let man iso,131.0,"[2.1468720862423103, 2.123115951599133, -0.12136638540874663]"
169,2019-01-16,paulthomasloan general electric power company...every time,131.0,"[2.1468720862423103, 2.123115951599133, -0.12136638540874663]"
170,2019-01-17,jrrdodson andyrowell i learned general electric power company.,131.0,"[2.1468720862423103, 2.123115951599133, -0.12136638540874663]"
171,2019-01-17,ge general electric company option order flow sentiment shifted bullish bearish.,131.0,"[2.1468720862423103, 2.123115951599133, -0.12136638540874663]"
172,2019-01-17,power sharing withnepal adb hq aiib official adchamber saudifranchise nyse sgx lseplc bseindia nseindia deutscheboerse asx fiafarnborough sgairshow ukdroneshow wto wef rollsroyce meinhardtgroup urbanthoughts pmoindia generalelectric,131.0,"[2.1468720862423103, 2.123115951599133, -0.12136638540874663]"
173,2019-01-17,[job] machinery diagnostic engineer | company general electric | location milano lom italy | milano offshore engineering jobs | more info,131.0,"[2.1468720862423103, 2.123115951599133, -0.12136638540874663]"
174,2019-01-17,"business week magazine august , general electric credit more",131.0,"[2.1468720862423103, 2.123115951599133, -0.12136638540874663]"
175,2019-01-17,check heavy duty safety switch general electric ge thn amp volt ge via ebay,131.0,"[2.1468720862423103, 2.123115951599133, -0.12136638540874663]"
176,2019-01-17,[job] field service technician tarragona | company general electric | location tarragona t spain | tarragona offshore engineering jobs | more info,131.0,"[2.1468720862423103, 2.123115951599133, -0.12136638540874663]"
177,2019-01-17,[job] eu&amp;ssa – blade diagnostic specialist m/f | company general electric | location madrid m spain | madrid offshore engineering jobs | more info,131.0,"[2.1468720862423103, 2.123115951599133, -0.12136638540874663]"
178,2019-01-17,check ge amp volt locking receptacle l general electric generalelectric via ebay,131.0,"[2.1468720862423103, 2.123115951599133, -0.12136638540874663]"
179,2019-01-17,"geographic information system gis market analysis, highlights precise outlook – autodesk, bentley systems, caliper, pitney bowes, general electric bitcoin journal via lidarmonkey geospatial",131.0,"[2.1468720862423103, 2.123115951599133, -0.12136638540874663]"
180,2019-01-18,"newshour jamie lev lornabaldwin whitehouse presssec gop dnc imo deep state fake dossier shutdown not stop neocons work ""short steal"" utc arconic generalelectric apple spacex tesla intel &amp; pepsi sell gmo meds us youth same oxycontin lobby killed . us plays victim",134.0,"[1.4486144980635915, 1.2475535210165098, -0.13996881991778093]"
181,2019-01-18,sanctioned three naval air squadrons credainational indiabuilders indiaeximbank indiajapanforum tradegovukevent makeinindia smartcityfeed dsei event dmgeventsglobal worldbank ciieonline bankofamerica generalelectric generaldynamics utc wef,134.0,"[1.4486144980635915, 1.2475535210165098, -0.13996881991778093]"
182,2019-01-18,. leonardodrsnews extended lm gas turbine packaging supply agreement generalelectric marine solutions usnavy the end . learn,134.0,"[1.4486144980635915, 1.2475535210165098, -0.13996881991778093]"
183,2019-01-18,"[job] validation engineer, computer system validation csv specialist m/f | company general electric | location pasching o austria | pasching computer engineering jobs | more info",134.0,"[1.4486144980635915, 1.2475535210165098, -0.13996881991778093]"
184,2019-01-18,general electric d new no box,134.0,"[1.4486144980635915, 1.2475535210165098, -0.13996881991778093]"
185,2019-01-18,general electric d new no box,134.0,"[1.4486144980635915, 1.2475535210165098, -0.13996881991778093]"
186,2019-01-18,general electric d new no box,134.0,"[1.4486144980635915, 1.2475535210165098, -0.13996881991778093]"
187,2019-01-18,general electric d new no box,134.0,"[1.4486144980635915, 1.2475535210165098, -0.13996881991778093]"
188,2019-01-18,new item for sale general electric tpttr amp main breaker mvt li trip tp ge np,134.0,"[1.4486144980635915, 1.2475535210165098, -0.13996881991778093]"
189,2019-01-18,"clefan wsj / thereby proving point. as long general electric continued make bedrock light bulbs u.s., started the company, stockholders felt comforted. after g.e. sold nbc, shareholders especially began feel uneasy it came that one g.e. ...",134.0,"[1.4486144980635915, 1.2475535210165098, -0.13996881991778093]"
190,2019-01-19,check general electric vintage black white ” tube television sf sl ebay,145.0,"[1.3808031406939556, 1.3292255935680901, -0.18383903108541783]"
191,2019-01-19,general electric iccpu je as pictured used,150.0,"[1.4229134797691787, 1.0662734010058836, -0.16625911372761606]"
192,2019-01-19,"generalelectric hello general electric, you follow me, i would really appreciate it, regards",145.0,"[1.3808031406939556, 1.3292255935680901, -0.18383903108541783]"
193,2019-01-19,general electric thought was impregnable machine. so was hard nosed cfo fighting back tears? inside decline an american icon. via wsj,145.0,"[1.3808031406939556, 1.3292255935680901, -0.18383903108541783]"
194,2019-01-19,[job] sales manager | company general electric | location santiago de chile rm chile | santiago de chile systems engineering jobs | more info,145.0,"[1.3808031406939556, 1.3292255935680901, -0.18383903108541783]"
195,2019-01-19,"ford general electric boeing lockheed skunkworks disney at&amp;t et cetera, et cetera, et cetera for ""legal immigrants"" crowd, people question came the country a time period there no federal laws restricting immigration.",145.0,"[1.3808031406939556, 1.3292255935680901, -0.18383903108541783]"
196,2019-01-19,"""the value an idea lies the using it."" thomas edison, co founder general electric",145.0,"[1.3808031406939556, 1.3292255935680901, -0.18383903108541783]"
197,2019-01-19,celtics generalelectric lets go cusrise,145.0,"[1.3808031406939556, 1.3292255935680901, -0.18383903108541783]"
198,2019-01-19,celtics generalelectric december ? get shit together celtics twitter,145.0,"[1.3808031406939556, 1.3292255935680901, -0.18383903108541783]"
199,2019-01-19,celtics generalelectric le go slim shady,145.0,"[1.3808031406939556, 1.3292255935680901, -0.18383903108541783]"
200,2019-01-20,newburg’s annual science &amp; engineering fair held last friday wonderfully creative projects display. a huge thanks our partners gea generalelectric came to judge tigertech newburg jcpsky jcpsasstsuptms corrieshull,150.0,"[1.4229134797691787, 1.0662734010058836, -0.16625911372761606]"
201,2019-01-20,general electric company geoo plunges . jan,150.0,"[1.4229134797691787, 1.0662734010058836, -0.16625911372761606]"
202,2019-01-20,buffettsongs “though lights st thomas lie twenty miles west...i know general electric always doin best”,150.0,"[1.4229134797691787, 1.0662734010058836, -0.16625911372761606]"
203,2019-01-20,this film so important our community. glad see amazing saramojtehedz making appearance generalelectric ptbo,150.0,"[1.4229134797691787, 1.0662734010058836, -0.16625911372761606]"
204,2019-01-20,discordapp logitechg i a pretty big fan general electric. we one every room my apartment.,150.0,"[1.4229134797691787, 1.0662734010058836, -0.16625911372761606]"
205,2019-01-20,we first rough cut the documentary done thanks robviscardis the team excited feature the formidable saramojtehedz her reporting the lethallegacy generalelectric ptbo.,150.0,"[1.4229134797691787, 1.0662734010058836, -0.16625911372761606]"
206,2019-01-20,general electric long ge chart,150.0,"[1.4229134797691787, 1.0662734010058836, -0.16625911372761606]"
207,2019-01-20,wabtec wab holder arrowpoint asset management has decreased its position; intersect capital has cut general electric co ge holding shares declined,150.0,"[1.4229134797691787, 1.0662734010058836, -0.16625911372761606]"
208,2019-01-20,"general electric co. ge market value declined while canandaigua national bank &amp; trust company has cut , its position; comcast new cmcsa shareholder meag munich ergo kapitalanlagegesellschaft mbh lifted holding",150.0,"[1.4229134797691787, 1.0662734010058836, -0.16625911372761606]"
209,2019-01-20,check generalelectric ge wiringdevices vintage blue mesh snapback truckerhat vintagetruckerhat via ebay,150.0,"[1.4229134797691787, 1.0662734010058836, -0.16625911372761606]"
210,2019-01-21,"generalelectric have having issues one the microwaves have, tried get support the ge appliances department they not help all",165.0,"[1.6506386151665446, 1.4505716781074285, -0.029499518607175444]"
211,2019-01-21,top picks generalelectric ge investsmarter,165.0,"[1.6506386151665446, 1.4505716781074285, -0.029499518607175444]"
212,2019-01-21,trading ideas ge buy longer term investment general electric company free trade week via →,165.0,"[1.6506386151665446, 1.4505716781074285, -0.029499518607175444]"
213,2019-01-21,trading ideas ge buy longer term investment general electric company free trade week via →,165.0,"[1.6506386151665446, 1.4505716781074285, -0.029499518607175444]"
214,2019-01-21,general electric wem dryer resistor,165.0,"[1.6506386151665446, 1.4505716781074285, -0.029499518607175444]"
215,2019-01-21,. earnings per share expected general electric ge this quarter markets,165.0,"[1.6506386151665446, 1.4505716781074285, -0.029499518607175444]"
216,2019-01-21,. earnings per share expected general electric ge this quarter stocks,165.0,"[1.6506386151665446, 1.4505716781074285, -0.029499518607175444]"
217,2019-01-21,one portland general electric’s imperatives strong communities. today pgevolunteers spent time mlkday working various projects world trade center. we honor the past creating brighter futures this national day service.,165.0,"[1.6506386151665446, 1.4505716781074285, -0.029499518607175444]"
218,2019-01-21,general electric wrx freezer door gasket,165.0,"[1.6506386151665446, 1.4505716781074285, -0.029499518607175444]"
219,2019-01-21,cbc serindaswan therogercross therefore cbc pal·in·drome included law suit these people. george soros taylor swift cbc general electric martha arab paula arab bruce walker oac this the team supported my fake secret service marriage marha arab,165.0,"[1.6506386151665446, 1.4505716781074285, -0.029499518607175444]"
220,2019-01-22,general electric cut to jobs france,168.0,"[0.9685787468227731, 1.0591705907967093, -0.2274565873655845]"
221,2019-01-22,port efficiency recognized credainational indiabuilders indiaeximbank indiajapanforum tradegovukevent makeinindia smartcityfeed dsei event dmgeventsglobal worldbank ciieonline generalelectric rlglobal icccimumbai ibtta iadcdredging maersk,168.0,"[0.9685787468227731, 1.0591705907967093, -0.2274565873655845]"
222,2019-01-22,"raidenmcd walldo the guy builds buildings slaps name them around world. procter&amp;gamble, mcdonald s, mondelez international, general motors, johnson &amp; johnson, cargill, alcoa, general electric do business russia.",168.0,"[0.9685787468227731, 1.0591705907967093, -0.2274565873655845]"
223,2019-01-22,general electric cut to jobs france asianewstoday,168.0,"[0.9685787468227731, 1.0591705907967093, -0.2274565873655845]"
224,2019-01-22,. generalelectric building world largest wind turbine. popmech windpower windenergy renewables renewableenergy,168.0,"[0.9685787468227731, 1.0591705907967093, -0.2274565873655845]"
225,2019-01-22,lead tender &amp; project sourcing specialist | general electric ge,168.0,"[0.9685787468227731, 1.0591705907967093, -0.2274565873655845]"
226,2019-01-22,a vintage crock cooker general electric. made japan crockcooker followvintage,168.0,"[0.9685787468227731, 1.0591705907967093, -0.2274565873655845]"
227,2019-01-22,ministry executives projects credainational indiabuilders indiaeximbank indiajapanforum tradegovukevent makeinindia smartcityfeed dsei event dmgeventsglobal worldbank ciieonline bankofamerica generalelectric rlglobal icccimumbai ibtta,168.0,"[0.9685787468227731, 1.0591705907967093, -0.2274565873655845]"
228,2019-01-22,"adventures inside the atom, , cartoon history nuclear power published general electric.",168.0,"[0.9685787468227731, 1.0591705907967093, -0.2274565873655845]"
229,2019-01-22,"new the store general electric radio. restored cabinet added a modern wireless amplifier system. play music directly any bluetooth enabled device. main st belfast, me . wed sat . music credit ""something gotta give"" mcguire sisters",168.0,"[0.9685787468227731, 1.0591705907967093, -0.2274565873655845]"
230,2019-01-23,"also, ge appliances generalelectric we’ve charged parts plus labor your service tech yet nothing been fixed. and fridge relatively new. it’s infuriating. total lemon. we’ve issues each appliance item purchased you.",189.0,"[0.5371474645304699, 0.565832036893331, 0.008479582579011779]"
231,2019-01-23,ge appliances generalelectric i dm the ticket number.,183.0,"[0.03566085389402901, 0.06950127209519137, 0.0394142604253853]"
232,2019-01-23,ge appliances generalelectric it’s incredibly long time. especially since last week tech never showed when said would then wasn’t able come back a full week that and still hasn’t fixed it. yet we’ve charged parts thus far unreal.,176.0,"[0.2709623221964184, 0.298337675033658, -0.0889931443475382]"
233,2019-01-23,general electric cut close jobs france unions,189.0,"[0.5371474645304699, 0.565832036893331, 0.008479582579011779]"
234,2019-01-23,"macaronikidnyc generalelectric oh no, monica. this long time without fridge. i sorry hear this. do have a case number service appointment confirmation number can check you? thanks much, rf",176.0,"[0.2709623221964184, 0.298337675033658, -0.0889931443475382]"
235,2019-01-23,celtics generalelectric home where heart is.,176.0,"[0.2709623221964184, 0.298337675033658, -0.0889931443475382]"
236,2019-01-23,heightened financialrisks credainational indiabuilders indiaeximbank indiajapanforum tradegovukevent makeinindia smartcityfeed dsei event dmgeventsglobal worldbank ciieonline bankofamerica generalelectric rlglobal icccimumbai worldbanksasia,189.0,"[0.5371474645304699, 0.565832036893331, 0.008479582579011779]"
237,2019-01-23,one the consistent pieces our play the current game home game win streak assists. many tonight generalelectric gameday analytics.,176.0,"[0.2709623221964184, 0.298337675033658, -0.0889931443475382]"
238,2019-01-23,big congrats our partners odem geniuslinkteam generalelectric gecareers lisharvard openassembly,182.0,"[0.9159779058757348, 1.0020648714090665, -0.16339233251592952]"
239,2019-01-23,nyclaurenbeth ge appliances generalelectric savvymomnyc ha i wish i’m frustrated ge appliances i’ll never buy another one. terrible quality zero customer service.,189.0,"[0.5371474645304699, 0.565832036893331, 0.008479582579011779]"
240,2019-01-24,karibyron general electric. they bring good things life? they technically tools...of war.,182.0,"[0.9159779058757348, 1.0020648714090665, -0.16339233251592952]"
241,2019-01-24,water solutions using solar energy credainational indiabuilders indiaeximbank indiajapanforum tradegovukevent makeinindia smartcityfeed dsei event dmgeventsglobal worldbank ciieonline bankofamerica generalelectric rlglobal icccimumbai ukef,182.0,"[0.9159779058757348, 1.0020648714090665, -0.16339233251592952]"
242,2019-01-24,general electric company geoo jumps . jan,182.0,"[0.9159779058757348, 1.0020648714090665, -0.16339233251592952]"
243,2019-01-24,checking the beautiful engines nge pimaair jumbojet boeing pimaairandspace ge generalelectric avgeek aviation aviationheritage aviationpreservation tucson arizona,182.0,"[0.9159779058757348, 1.0020648714090665, -0.16339233251592952]"
244,2019-01-24,loops the west coast us right operated general electric,182.0,"[0.9159779058757348, 1.0020648714090665, -0.16339233251592952]"
245,2019-01-24,generalelectric ge fridge freezer died exactly weeks warranty ended. all parties involved tell too bad. im never buying ge and telling everyone i know your products only outdone poor quality your customer service,182.0,"[0.9159779058757348, 1.0020648714090665, -0.16339233251592952]"
246,2019-01-24,looks like well defined design. can beat us blackbirds engineered generalelectric lockheedmartin? aviation aerospace,182.0,"[0.9159779058757348, 1.0020648714090665, -0.16339233251592952]"
247,2019-01-24,wipro brand value b credainational indiabuilders indiaeximbank indiajapanforum tradegovukevent makeinindia smartcityfeed dsei event dmgeventsglobal worldbank ciieonline bankofamerica generalelectric rlglobal icccimumbai ifcci infosys,182.0,"[0.9159779058757348, 1.0020648714090665, -0.16339233251592952]"
248,2019-01-24,"i liked youtube video general electric performance television "" b&amp;w",182.0,"[0.9159779058757348, 1.0020648714090665, -0.16339233251592952]"
249,2019-01-24,sanholo what kind engines they? general electric? you put rolls royce there fucking sharpish i not setting foot the thing,182.0,"[0.9159779058757348, 1.0020648714090665, -0.16339233251592952]"
250,2019-01-25,general electric wdx door gasket,192.0,"[1.8697216407382142, 1.6724165790211238, 0.04508764107891883]"
251,2019-01-25,"newshour josh barrage whitehouse dhsgov statedept thejusticedept imo potus &amp; speakerpelosi must remember a distraction deep state continues steal intel bill. assets far factories ip middle east, arconic utc generalelectric spacex apple pepsi tesla etc.",192.0,"[1.8697216407382142, 1.6724165790211238, 0.04508764107891883]"
252,2019-01-25,sicci south asia desk credainational indiabuilders indiaeximbank indiajapanforum tradegovukevent makeinindia smartcityfeed dsei event dmgeventsglobal worldbank ciieonline bankofamerica generalelectric rlglobal icccimumbai jawedashraf un,192.0,"[1.8697216407382142, 1.6724165790211238, 0.04508764107891883]"
253,2019-01-25,generalelectric you help? my ge microwave completely stopped working. it’s years old.,192.0,"[1.8697216407382142, 1.6724165790211238, 0.04508764107891883]"
254,2019-01-25,general electric wrx water filter housing,192.0,"[1.8697216407382142, 1.6724165790211238, 0.04508764107891883]"
255,2019-01-25,[job] lead project management specialist project staff | company general electric | location kakinada ap andhra pradesh india | kakinada offshore engineering jobs | more info,192.0,"[1.8697216407382142, 1.6724165790211238, 0.04508764107891883]"
256,2019-01-25,airplane embraer lr airline american eagle reg nnn msn engines x general electric cf e loc los angeles intl airport lax/klax nikond especialtgenklax…,192.0,"[1.8697216407382142, 1.6724165790211238, 0.04508764107891883]"
257,2019-01-25,"the value an idea lies the using it. thomas edison, general electric co founder quote",192.0,"[1.8697216407382142, 1.6724165790211238, 0.04508764107891883]"
258,2019-01-25,"ge general electric co. ge wabtec amend deal terms; merger expected close about one month in form filing filed the sec jan. , ge wabtec announced amended deal terms the ge transportation wabtec merger expected close…",192.0,"[1.8697216407382142, 1.6724165790211238, 0.04508764107891883]"
259,2019-01-25,"ge general electric co. morningstar | ge wabtec amend deal terms; merger expected close about one month in form filing filed the sec jan. , ge wabtec announced amended deal terms the ge transportation wabtec merger…",192.0,"[1.8697216407382142, 1.6724165790211238, 0.04508764107891883]"
260,2019-01-26,celtics generalelectric . points opposed .? lmao. putting decimals pointless.,201.0,"[0.9607695337278594, 0.7766629367556008, -0.27390270710317405]"
261,2019-01-26,celtics generalelectric it the week best friend trevin steede died. great youtuber. rip,201.0,"[0.9607695337278594, 0.7766629367556008, -0.27390270710317405]"
262,2019-01-26,celtics generalelectric that’s specific it’s annoying,201.0,"[0.9607695337278594, 0.7766629367556008, -0.27390270710317405]"
263,2019-01-26,"on two days rest last season, jaylen against golden state. tonight generalelectric gameday analytics.",201.0,"[0.9607695337278594, 0.7766629367556008, -0.27390270710317405]"
264,2019-01-26,advisors asset management inc. reduces holdings portland general electric nyse por investingnews,201.0,"[0.9607695337278594, 0.7766629367556008, -0.27390270710317405]"
265,2019-01-26,general electric cut close jobs france,201.0,"[0.9607695337278594, 0.7766629367556008, -0.27390270710317405]"
266,2019-01-26,general electric ousted ceo flannery get . million severance marketwatch,201.0,"[0.9607695337278594, 0.7766629367556008, -0.27390270710317405]"
267,2019-01-26,ewhispers amazon amd facebook microsoft alibabagroup tesla generalelectric boeing big week,201.0,"[0.9607695337278594, 0.7766629367556008, -0.27390270710317405]"
268,2019-01-26,"beschlossdc edward h white ii the first american walk space, his eva gemini june . my american uncle worked nasa general electric got this signed iconic photograph . the pic a little faded years his link me remains nasa",201.0,"[0.9607695337278594, 0.7766629367556008, -0.27390270710317405]"
269,2019-01-26,generalelectric who now support your stoves?,201.0,"[0.9607695337278594, 0.7766629367556008, -0.27390270710317405]"
270,2019-01-27,"as february, the eps portland general electric company por expected at .",213.0,"[1.7647722622862183, 1.7483867215181106, -0.024049416478238928]"
271,2019-01-27,[job] applications engineer cementing | company general electric | location bergen n norway | bergen environmental engineering jobs | more info,213.0,"[1.7647722622862183, 1.7483867215181106, -0.024049416478238928]"
272,2019-01-27,[job] field service engineer centrifugal compressors | company general electric | location firenze tos italy | firenze offshore engineering jobs | more info,213.0,"[1.7647722622862183, 1.7483867215181106, -0.024049416478238928]"
273,2019-01-27,interested a job az? this could a great fit. click link our bio apply field service engineer general electric fieldservice engineer,213.0,"[1.7647722622862183, 1.7483867215181106, -0.024049416478238928]"
274,2019-01-27,"extra jack welch full interview photo hamilton/wikimedia commons what follows a conversation jack welch, legendary former c.e.o. general electric. it recorded september our recent six part series, ""the secret life a",213.0,"[1.7647722622862183, 1.7483867215181106, -0.024049416478238928]"
275,2019-01-27,[job] electronic engineer | company general electric | location stavanger n norway | stavanger offshore engineering jobs | more info,213.0,"[1.7647722622862183, 1.7483867215181106, -0.024049416478238928]"
276,2019-01-27,"wikileaks chucktodd marcorubio who owns nbc? general electric. what military weapons they build? how ge related nsa, cia, corporate government spin? chuck todd would have job he not sell product.",213.0,"[1.7647722622862183, 1.7483867215181106, -0.024049416478238928]"
277,2019-01-27,starting old farm photo book project. i love picture was taken general electric a farm was one first the area have electric all the barns history farm oldfarms newyork,213.0,"[1.7647722622862183, 1.7483867215181106, -0.024049416478238928]"
278,2019-01-27,check lot of general electric classic e v watt h red lights new via ebay,213.0,"[1.7647722622862183, 1.7483867215181106, -0.024049416478238928]"
279,2019-01-27,year old general electric has been kicked off dow,213.0,"[1.7647722622862183, 1.7483867215181106, -0.024049416478238928]"
280,2019-01-28,"chris griffith australian samsungau lg australia kohler generalelectric kitchenaidusa my pleasure, thank",214.0,"[1.4367574041710391, 1.3948956290528471, -0.14385512857578286]"
281,2019-01-28,check rare general electric type af ac load visualizer bakelite beauty x via ebay generalelectric vintage bakelite rare,214.0,"[1.4367574041710391, 1.3948956290528471, -0.14385512857578286]"
282,2019-01-28,celtics generalelectric trade kyrie davis garantee trade make deal kyrie come back the celtics free agency,214.0,"[1.4367574041710391, 1.3948956290528471, -0.14385512857578286]"
283,2019-01-28,"our ceo nate storch interviewed marketwatch amenity ability ""to identify linguistic patterns are consistent deceptive behavior"" analyzing generalelectric recent earnings call",214.0,"[1.4367574041710391, 1.3948956290528471, -0.14385512857578286]"
284,2019-01-28,"we delighted have gquattromani writing pieces us. his first, the connected kitchen, ran the australian today. great job. samsungau lg australia kohler generalelectric kitchenaidusa",214.0,"[1.4367574041710391, 1.3948956290528471, -0.14385512857578286]"
285,2019-01-28,celtics generalelectric donttttt trade tatum is all star the making,214.0,"[1.4367574041710391, 1.3948956290528471, -0.14385512857578286]"
286,2019-01-28,looking back our team performance part brooklyn mondays tonight generalelectric gameday analytics.,214.0,"[1.4367574041710391, 1.3948956290528471, -0.14385512857578286]"
287,2019-01-28,general electric ge wiring devices vintage blue mesh snapback trucker hat ge generalelectric vintagehat vintagetruckerhat truckerhat vintagedenimhat vintagebaseballhat snapbackhat,214.0,"[1.4367574041710391, 1.3948956290528471, -0.14385512857578286]"
288,2019-01-28,"global geospatial analytics market top key players are trimble navigation ltd., bentley systems, inc., rmsi, mda, esri, hexagon ab, fugro nv, harris corporation, general electric and digital globe inc. openpr via lidarmonkey geospatial",214.0,"[1.4367574041710391, 1.3948956290528471, -0.14385512857578286]"
289,2019-01-28,"""general electric stock buyers preach patience, eye progress""",214.0,"[1.4367574041710391, 1.3948956290528471, -0.14385512857578286]"
290,2019-01-29,"senior counsel, data strategy &amp; operations, ge healthcare digital general electric chicago,",226.0,"[1.6200620749117225, 1.496472791432915, -0.14767297108562222]"
291,2019-01-29,"danharrelson swung office today a lunch learn he shared knowledge the predix design system, he helped build generalelectric. dan provided great takeaways our team apply astrouxds. ux userexperience",226.0,"[1.6200620749117225, 1.496472791432915, -0.14767297108562222]"
292,2019-01-29,analyst general electric just took a couple of steps backward via yahoofinance,226.0,"[1.6200620749117225, 1.496472791432915, -0.14767297108562222]"
293,2019-01-29,tata focus india credainational indiabuilders indiaeximbank indiajapanforum tradegovukevent makeinindia smartcityfeed dsei event dmgeventsglobal worldbank ciieonline bankofamerica generalelectric ifcci nipponsteel bank japan e ukef,226.0,"[1.6200620749117225, 1.496472791432915, -0.14767297108562222]"
294,2019-01-29,"arab health amazing gathering, rpdc sa met many companies colleagues generalelectric royakau ic gov sa sagiagov saudimoh iqvia global ergomedplc merckgroup thermofisher clinart many others",226.0,"[1.6200620749117225, 1.496472791432915, -0.14767297108562222]"
295,2019-01-29,[job] specialist ehs health safety | company general electric | location santiago de chile rm chile | santiago de chile environmental engineering jobs | more info,226.0,"[1.6200620749117225, 1.496472791432915, -0.14767297108562222]"
296,2019-01-29,"""fundamentals...continue point the mechanical headwinds dilutive asset sales, key aspect to free cash flow remains weak."" jpmorgan steve tusa ahead generalelectric q results thursday. optimusprimerv",226.0,"[1.6200620749117225, 1.496472791432915, -0.14767297108562222]"
297,2019-01-29,"calpers needs new masterplan | calpers performance took nose dive , alluding a lack control must reversed. | assetmanagement california generalelectric humanity publicsector riskmanagement thestateofhumanity",226.0,"[1.6200620749117225, 1.496472791432915, -0.14767297108562222]"
298,2019-01-29,ge general electric thoughts on the reworked wabtec deal,226.0,"[1.6200620749117225, 1.496472791432915, -0.14767297108562222]"
299,2019-01-29,general electric company ge stock dropped . currently priced ..,226.0,"[1.6200620749117225, 1.496472791432915, -0.14767297108562222]"
300,2019-01-30,we hiring az click link our bio apply this job more lcs clinical education specialist mic/nicu general electric customerservice,232.0,"[2.17555497520983, 1.7827280099359157, -0.04148429814767144]"
301,2019-01-30,nyse top five active stocks . vale brazilian mine company sold million shares . att sold million shares . generalelectric sold million shares . bankofamerica sold million shares . cleveland cliffs sold million shares,232.0,"[2.17555497520983, 1.7827280099359157, -0.04148429814767144]"
302,2019-01-30,nyse top five active stocks . vale brazilian mine company sold million shares . att sold million shares . generalelectric sold million shares . bankofamerica sold million shares . cleveland cliffs sold million shares,232.0,"[2.17555497520983, 1.7827280099359157, -0.04148429814767144]"
303,2019-01-30,ge general electric company option order flow sentiment shifted bullish bearish.,232.0,"[2.17555497520983, 1.7827280099359157, -0.04148429814767144]"
304,2019-01-30,"linscomb &amp; williams has lowered holding general electric co ge . million; regent investment management cut lowes companies low holding ,; shares declined the finheadlines",232.0,"[2.17555497520983, 1.7827280099359157, -0.04148429814767144]"
305,2019-01-30,"companies size clout google fb not disappear overnight, it worth noting general electric, under the leadership jack welch a market capitalisation billion , now worth billion. it may even broken up.",232.0,"[2.17555497520983, 1.7827280099359157, -0.04148429814767144]"
306,2019-01-30,katpa when i school in ’s was day off for ge...general electric at time different factories going hours day more ppl vote back,232.0,"[2.17555497520983, 1.7827280099359157, -0.04148429814767144]"
307,2019-01-30,"digital imaging market precise outlook – general electric, olympus, hexagon, cognex, ametek bitcoin journal google news",232.0,"[2.17555497520983, 1.7827280099359157, -0.04148429814767144]"
308,2019-01-30,"general electric dash cash stealing value shareholders, jp morgan says",232.0,"[2.17555497520983, 1.7827280099359157, -0.04148429814767144]"
309,2019-01-30,celtics generalelectric &amp; think fans wanna see go smh ️️️️️️️️ blasphemy,232.0,"[2.17555497520983, 1.7827280099359157, -0.04148429814767144]"
310,2019-01-31,"scientificmayhm, cincychildrens virtualreality, rollercoasters generalelectric aviation steam night teamadena wearelakota",237.0,"[1.1709388222872512, 0.7467131772514419, -0.12431010315413596]"
311,2019-01-31,it stock up the last month trading. so s next general electric? generalelectric ge bhge,237.0,"[1.1709388222872512, 0.7467131772514419, -0.12431010315413596]"
312,2019-01-31,general electric up big after debt cut via youtube,237.0,"[1.1709388222872512, 0.7467131772514419, -0.12431010315413596]"
313,2019-01-31,why investors should focus the long term general electric,237.0,"[1.1709388222872512, 0.7467131772514419, -0.12431010315413596]"
314,2019-01-31,why general electric stock is skyrocketing today – motley fool,237.0,"[1.1709388222872512, 0.7467131772514419, -0.12431010315413596]"
315,2019-01-31,why general electric stock is skyrocketing today motley fool via googlenews,237.0,"[1.1709388222872512, 0.7467131772514419, -0.12431010315413596]"
316,2019-01-31,general electric slrgr amp volt pw fusible busway switch bus plug,237.0,"[1.1709388222872512, 0.7467131772514419, -0.12431010315413596]"
317,2019-01-31,why investors should focus the long term general electric,237.0,"[1.1709388222872512, 0.7467131772514419, -0.12431010315413596]"
318,2019-01-31,"general electric ceo sees industrial revenue rising, cash weak",237.0,"[1.1709388222872512, 0.7467131772514419, -0.12431010315413596]"
319,2019-01-31,general electric company ge ceo larry culp q results earnings call transcript seeking alpha via googlenews,237.0,"[1.1709388222872512, 0.7467131772514419, -0.12431010315413596]"
